{
  "age": {
    "count": 35211.0,
    "mean": 40.9397063417682,
    "std": 10.63383618114342,
    "min": 18.0,
    "25%": 33.0,
    "50%": 39.0,
    "75%": 48.0,
    "max": 95.0
  },
  "balance": {
    "count": 35211.0,
    "mean": 1364.4278208514386,
    "std": 3020.663351027651,
    "min": -8019.0,
    "25%": 74.0,
    "50%": 451.0,
    "75%": 1432.0,
    "max": 102127.0
  },
  "day": {
    "count": 35211.0,
    "mean": 15.802220896878817,
    "std": 8.327315444621096,
    "min": 1.0,
    "25%": 8.0,
    "50%": 16.0,
    "75%": 21.0,
    "max": 31.0
  },
  "duration": {
    "count": 35211.0,
    "mean": 259.381272897674,
    "std": 258.891746805105,
    "min": 0.0,
    "25%": 103.0,
    "50%": 181.0,
    "75%": 320.0,
    "max": 4918.0
  },
  "campaign": {
    "count": 35211.0,
    "mean": 2.7731958762886597,
    "std": 3.104644404407689,
    "min": 1.0,
    "25%": 1.0,
    "50%": 2.0,
    "75%": 3.0,
    "max": 63.0
  },
  "pdays": {
    "count": 35211.0,
    "mean": 40.251824713867826,
    "std": 99.8715915225546,
    "min": -1.0,
    "25%": -1.0,
    "50%": -1.0,
    "75%": -1.0,
    "max": 871.0
  },
  "previous": {
    "count": 35211.0,
    "mean": 0.5830280310130357,
    "std": 2.379931344617582,
    "min": 0.0,
    "25%": 0.0,
    "50%": 0.0,
    "75%": 0.0,
    "max": 275.0
  }
}