{
  "age": {
    "count": 34820.0,
    "mean": 40.538856978747845,
    "std": 9.981608675292923,
    "min": 18.0,
    "25%": 33.0,
    "50%": 39.0,
    "75%": 48.0,
    "max": 70.0
  },
  "balance": {
    "count": 34820.0,
    "mean": 1345.7750717978174,
    "std": 2943.0183677686105,
    "min": -8019.0,
    "25%": 71.0,
    "50%": 444.0,
    "75%": 1411.0,
    "max": 102127.0
  },
  "day": {
    "count": 34820.0,
    "mean": 15.813555427914991,
    "std": 8.329619861798943,
    "min": 1.0,
    "25%": 8.0,
    "50%": 16.0,
    "75%": 21.0,
    "max": 31.0
  },
  "duration": {
    "count": 34820.0,
    "mean": 258.49250430786907,
    "std": 258.702949297626,
    "min": 0.0,
    "25%": 102.0,
    "50%": 180.0,
    "75%": 318.0,
    "max": 4918.0
  },
  "campaign": {
    "count": 34820.0,
    "mean": 2.780356117174038,
    "std": 3.1159751838726897,
    "min": 1.0,
    "25%": 1.0,
    "50%": 2.0,
    "75%": 3.0,
    "max": 63.0
  },
  "pdays": {
    "count": 34820.0,
    "mean": 40.04646754738656,
    "std": 99.96733933677334,
    "min": -1.0,
    "25%": -1.0,
    "50%": -1.0,
    "75%": -1.0,
    "max": 871.0
  },
  "previous": {
    "count": 34820.0,
    "mean": 0.5761056863871339,
    "std": 2.3799190055285777,
    "min": 0.0,
    "25%": 0.0,
    "50%": 0.0,
    "75%": 0.0,
    "max": 275.0
  }
}